{"time": "2017-08-15T11:57:51.497", "time_t": 0.6803319919517102, "distance (m)": 653941.4364861071, "total_flux (in Mag 0 units)": [0.014072274519104273, 0.01407335139811039], "Didymos (m)": [-259954572196.57788, -216951554911.30325, 11089168185.404457], "Satellite (m)\n": [-259954124446.78806, -216951950537.6408, 11089433966.00777], "Satellite relative": [447.74978982543945, -395.62633755493164, 265.780603313446], "Satellite matrix": [[0.6621418595314026, -0.30456897616386414, 0.6846939921379089, 447.7497863769531], [0.7493785619735718, 0.2691134810447693, -0.604987382888794, -395.6263427734375], [0.0, 0.9136825203895569, 0.406428724527359, 265.7806091308594], [0.0, 0.0, 0.0, 1.0]], "Asteroid matrix ": [[0.40999993681907654, -0.00021548062795773149, 0.0, 0.0], [0.00021548062795773149, 0.40999993681907654, 0.0, 0.0], [0.0, 0.0, 0.4099999964237213, 0.0], [0.0, 0.0, 0.0, 1.0]], "Sun matrix": [[731501.25, 0.0, 0.0, 259954576.0], [0.0, 695700.0625, 0.0, 216951552.0], [0.0, 0.0, 695700.0, -11089168.0], [0.0, 0.0, 0.0, 1.0]], "Constant distance matrix": [[1.0, 0.0, 0.0, 0.0], [0.0, 1.0, 0.0, 0.0], [0.0, 0.0, 1.0, 0.0], [0.0, 0.0, 0.0, 1.0]], "Reference matrix": [[1.0, 0.0, 0.0, 0.0], [0.0, 1.0, 0.0, 0.0], [0.0, 0.0, 1.0, 0.0], [0.0, 0.0, 0.0, 1.0]], "Camera f,w,x,y": [230.0, 8.500800132751465, 2464, 2056]}