{"time": "2017-08-15T11:57:52.219", "time_t": 1.4016599597585513, "distance (m)": 647539.0648534055, "total_flux (in Mag 0 units)": [0.013920915454939904, 0.013922320678830147], "Didymos (m)": [-259954564342.23584, -216951562971.40747, 11089167598.914757], "Satellite (m)\n": [-259954121619.8382, -216951953438.69403, 11089433754.916496], "Satellite relative": [442.722397644043, -390.4672865600586, 266.15600173950196], "Satellite matrix": [[0.6614595651626587, -0.30826231837272644, 0.683699905872345, 442.722412109375], [0.7499808073043823, 0.2718777060508728, -0.6030018925666809, -390.46728515625], [0.0, 0.9116231799125671, 0.4110269546508789, 266.156005859375], [0.0, 0.0, 0.0, 1.0]], "Asteroid matrix ": [[0.4099997580051422, -0.00044394575525075197, 0.0, 0.0], [0.00044394575525075197, 0.4099997580051422, 0.0, 0.0], [0.0, 0.0, 0.4099999964237213, 0.0], [0.0, 0.0, 0.0, 1.0]], "Sun matrix": [[731501.25, 0.0, 0.0, 259954560.0], [0.0, 695700.0625, 0.0, 216951568.0], [0.0, 0.0, 695700.0, -11089168.0], [0.0, 0.0, 0.0, 1.0]], "Constant distance matrix": [[1.0, 0.0, 0.0, 0.0], [0.0, 1.0, 0.0, 0.0], [0.0, 0.0, 1.0, 0.0], [0.0, 0.0, 0.0, 1.0]], "Reference matrix": [[1.0, 0.0, 0.0, 0.0], [0.0, 1.0, 0.0, 0.0], [0.0, 0.0, 1.0, 0.0], [0.0, 0.0, 0.0, 1.0]], "Camera f,w,x,y": [230.0, 8.500800132751465, 2464, 2056]}