{"time": "2017-08-15T11:57:52.459", "time_t": 1.642102615694165, "distance (m)": 645408.7423511667, "total_flux (in Mag 0 units)": [0.013888449534862029, 0.013890020549297333], "Didymos (m)": [-259954561724.12158, -216951565658.10895, 11089167403.418175], "Satellite (m)\n": [-259954120677.52148, -216951954405.71167, 11089433684.552736], "Satellite relative": [441.04660009765627, -388.747602722168, 266.2811345615387], "Satellite matrix": [[0.6612282991409302, -0.30950927734375, 0.6833601593971252, 441.0466003417969], [0.7501847147941589, 0.27280786633491516, -0.6023277640342712, -388.7475891113281], [0.0, 0.9109222292900085, 0.4125775098800659, 266.2811279296875], [0.0, 0.0, 0.0, 1.0]], "Asteroid matrix ": [[0.40999966859817505, -0.0005201007588766515, 0.0, 0.0], [0.0005201007588766515, 0.40999966859817505, 0.0, 0.0], [0.0, 0.0, 0.4099999964237213, 0.0], [0.0, 0.0, 0.0, 1.0]], "Sun matrix": [[731501.25, 0.0, 0.0, 259954560.0], [0.0, 695700.0625, 0.0, 216951568.0], [0.0, 0.0, 695700.0, -11089167.0], [0.0, 0.0, 0.0, 1.0]], "Constant distance matrix": [[1.0, 0.0, 0.0, 0.0], [0.0, 1.0, 0.0, 0.0], [0.0, 0.0, 1.0, 0.0], [0.0, 0.0, 0.0, 1.0]], "Reference matrix": [[1.0, 0.0, 0.0, 0.0], [0.0, 1.0, 0.0, 0.0], [0.0, 0.0, 1.0, 0.0], [0.0, 0.0, 0.0, 1.0]], "Camera f,w,x,y": [230.0, 8.500800132751465, 2464, 2056]}