{"time": "2017-08-15T11:57:52.700", "time_t": 1.8825452716297786, "distance (m)": 643280.3524353902, "total_flux (in Mag 0 units)": [0.014432034828572242, 0.014444836415350437], "Didymos (m)": [-259954559106.00754, -216951568344.81012, 11089167207.921612], "Satellite (m)\n": [-259954119735.20468, -216951955372.7292, 11089433614.188972], "Satellite relative": [439.3708028564453, -387.0279190673828, 266.40626736068725], "Satellite matrix": [[0.6609951257705688, -0.3107644021511078, 0.6830160617828369, 439.37078857421875], [0.7503901720046997, 0.2737426161766052, -0.6016473770141602, -387.0279235839844], [-1.4901161193847656e-08, 0.9102144837379456, 0.4141371548175812, 266.4062805175781], [0.0, 0.0, 0.0, 1.0]], "Asteroid matrix ": [[0.4099995493888855, -0.000596255820710212, 0.0, 0.0], [0.000596255820710212, 0.4099995493888855, 0.0, 0.0], [0.0, 0.0, 0.4099999964237213, 0.0], [0.0, 0.0, 0.0, 1.0]], "Sun matrix": [[731501.25, 0.0, 0.0, 259954560.0], [0.0, 695700.0625, 0.0, 216951568.0], [0.0, 0.0, 695700.0, -11089167.0], [0.0, 0.0, 0.0, 1.0]], "Constant distance matrix": [[1.0, 0.0, 0.0, 0.0], [0.0, 1.0, 0.0, 0.0], [0.0, 0.0, 1.0, 0.0], [0.0, 0.0, 0.0, 1.0]], "Reference matrix": [[1.0, 0.0, 0.0, 0.0], [0.0, 1.0, 0.0, 0.0], [0.0, 0.0, 1.0, 0.0], [0.0, 0.0, 0.0, 1.0]], "Camera f,w,x,y": [230.0, 8.500800132751465, 2464, 2056]}