{"time": "2017-08-15T11:57:51.978", "time_t": 1.1612173038229376, "distance (m)": 649671.3002963831, "total_flux (in Mag 0 units)": [0.014520844704035012, 0.014515341259539127], "Didymos (m)": [-259954566960.34982, -216951560284.70612, 11089167794.411322], "Satellite (m)\n": [-259954122562.15494, -216951952471.6763, 11089433825.280262], "Satellite relative": [444.39819488525393, -392.1869701843262, 266.0308689403534], "Satellite matrix": [[0.6616888642311096, -0.3070233166217804, 0.6840353608131409, 444.398193359375], [0.7497785091400146, 0.27095192670822144, -0.6036697626113892, -392.1869812011719], [0.0, 0.9123166799545288, 0.4094852805137634, 266.0308837890625], [0.0, 0.0, 0.0, 1.0]], "Asteroid matrix ": [[0.409999817609787, -0.00036779072252102196, 0.0, 0.0], [0.00036779072252102196, 0.409999817609787, 0.0, 0.0], [0.0, 0.0, 0.4099999964237213, 0.0], [0.0, 0.0, 0.0, 1.0]], "Sun matrix": [[731501.25, 0.0, 0.0, 259954560.0], [0.0, 695700.0625, 0.0, 216951568.0], [0.0, 0.0, 695700.0, -11089168.0], [0.0, 0.0, 0.0, 1.0]], "Constant distance matrix": [[1.0, 0.0, 0.0, 0.0], [0.0, 1.0, 0.0, 0.0], [0.0, 0.0, 1.0, 0.0], [0.0, 0.0, 0.0, 1.0]], "Reference matrix": [[1.0, 0.0, 0.0, 0.0], [0.0, 1.0, 0.0, 0.0], [0.0, 0.0, 1.0, 0.0], [0.0, 0.0, 0.0, 1.0]], "Camera f,w,x,y": [230.0, 8.500800132751465, 2464, 2056]}