{"time": "2017-08-15T11:57:53.421", "time_t": 2.6038732394366195, "distance (m)": 636906.9697011891, "total_flux (in Mag 0 units)": [0.013999222432954931, 0.014001230709254742], "Didymos (m)": [-259954551251.66467, -216951576404.91385, 11089166621.431873], "Satellite (m)\n": [-259954116908.2539, -216951958273.7819, 11089433403.097656], "Satellite relative": [434.34341076660155, -381.8688680419922, 266.7816657829285], "Satellite matrix": [[0.6602838039398193, -0.31457868218421936, 0.6819573640823364, 434.3434143066406], [0.7510169148445129, 0.2765733301639557, -0.599567711353302, -381.8688659667969], [1.4901170075631853e-08, 0.9080455303192139, 0.4188707172870636, 266.78167724609375], [0.0, 0.0, 0.0, 1.0]], "Asteroid matrix ": [[0.40999916195869446, -0.0008247206569649279, 0.0, 0.0], [0.0008247206569649279, 0.40999916195869446, 0.0, 0.0], [0.0, 0.0, 0.4099999964237213, 0.0], [0.0, 0.0, 0.0, 1.0]], "Sun matrix": [[731501.25, 0.0, 0.0, 259954544.0], [0.0, 695700.0625, 0.0, 216951584.0], [0.0, 0.0, 695700.0, -11089167.0], [0.0, 0.0, 0.0, 1.0]], "Constant distance matrix": [[1.0, 0.0, 0.0, 0.0], [0.0, 1.0, 0.0, 0.0], [0.0, 0.0, 1.0, 0.0], [0.0, 0.0, 0.0, 1.0]], "Reference matrix": [[1.0, 0.0, 0.0, 0.0], [0.0, 1.0, 0.0, 0.0], [0.0, 0.0, 1.0, 0.0], [0.0, 0.0, 0.0, 1.0]], "Camera f,w,x,y": [230.0, 8.500800132751465, 2464, 2056]}