{"time": "2017-08-15T11:57:53.181", "time_t": 2.363430583501006, "distance (m)": 639029.4464663828, "total_flux (in Mag 0 units)": [0.014117178277020928, 0.014118491671979427], "Didymos (m)": [-259954553869.77905, -216951573718.2126, 11089166816.928457], "Satellite (m)\n": [-259954117850.57095, -216951957306.76434, 11089433473.461435], "Satellite relative": [436.01920809936524, -383.5885517578125, 266.65653297805784], "Satellite matrix": [[0.6605228185653687, -0.31329888105392456, 0.6823147535324097, 436.0191955566406], [0.7508060336112976, 0.27562522888183594, -0.6002674698829651, -383.58856201171875], [-1.4901161193847656e-08, 0.9087759852409363, 0.4172836244106293, 266.6565246582031], [0.0, 0.0, 0.0, 1.0]], "Asteroid matrix ": [[0.4099993109703064, -0.0007485657115466893, 0.0, 0.0], [0.0007485657115466893, 0.4099993109703064, 0.0, 0.0], [0.0, 0.0, 0.4099999964237213, 0.0], [0.0, 0.0, 0.0, 1.0]], "Sun matrix": [[731501.25, 0.0, 0.0, 259954560.0], [0.0, 695700.0625, 0.0, 216951568.0], [0.0, 0.0, 695700.0, -11089167.0], [0.0, 0.0, 0.0, 1.0]], "Constant distance matrix": [[1.0, 0.0, 0.0, 0.0], [0.0, 1.0, 0.0, 0.0], [0.0, 0.0, 1.0, 0.0], [0.0, 0.0, 0.0, 1.0]], "Reference matrix": [[1.0, 0.0, 0.0, 0.0], [0.0, 1.0, 0.0, 0.0], [0.0, 0.0, 1.0, 0.0], [0.0, 0.0, 0.0, 1.0]], "Camera f,w,x,y": [230.0, 8.500800132751465, 2464, 2056]}