{"time": "2017-08-15T11:57:51.738", "time_t": 0.9207746478873239, "distance (m)": 651805.4304836773, "total_flux (in Mag 0 units)": [0.014199336437527436, 0.01420931238681078], "Didymos (m)": [-259954569578.46393, -216951557598.0046, 11089167989.907894], "Satellite (m)\n": [-259954123504.47156, -216951951504.65857, 11089433895.644018], "Satellite relative": [446.0739923706055, -393.90665396118163, 265.9057361240387], "Satellite matrix": [[0.6619163155555725, -0.3057922124862671, 0.6843668222427368, 446.0740051269531], [0.7495777606964111, 0.27003049850463867, -0.6043316125869751, -393.9066467285156], [-1.4901161193847656e-08, 0.913003146648407, 0.40795260667800903, 265.9057312011719], [0.0, 0.0, 0.0, 1.0]], "Asteroid matrix ": [[0.40999990701675415, -0.0002916356606874615, 0.0, 0.0], [0.0002916356606874615, 0.40999990701675415, 0.0, 0.0], [0.0, 0.0, 0.4099999964237213, 0.0], [0.0, 0.0, 0.0, 1.0]], "Sun matrix": [[731501.25, 0.0, 0.0, 259954576.0], [0.0, 695700.0625, 0.0, 216951552.0], [0.0, 0.0, 695700.0, -11089168.0], [0.0, 0.0, 0.0, 1.0]], "Constant distance matrix": [[1.0, 0.0, 0.0, 0.0], [0.0, 1.0, 0.0, 0.0], [0.0, 0.0, 1.0, 0.0], [0.0, 0.0, 0.0, 1.0]], "Reference matrix": [[1.0, 0.0, 0.0, 0.0], [0.0, 1.0, 0.0, 0.0], [0.0, 0.0, 1.0, 0.0], [0.0, 0.0, 0.0, 1.0]], "Camera f,w,x,y": [230.0, 8.500800132751465, 2464, 2056]}