{"time": "2017-08-15T11:57:52.940", "time_t": 2.1229879275653922, "distance (m)": 641153.9141113786, "total_flux (in Mag 0 units)": [0.01428823172449573, 0.014289120212197304], "Didymos (m)": [-259954556487.89337, -216951571031.5113, 11089167012.42504], "Satellite (m)\n": [-259954118792.8878, -216951956339.74686, 11089433543.825201], "Satellite relative": [437.6950055847168, -385.30823556518556, 266.53140016174314], "Satellite matrix": [[0.6607599258422852, -0.3120276629924774, 0.6826675534248352, 437.69500732421875], [0.750597357749939, 0.2746817171573639, -0.6009604930877686, -385.3082275390625], [0.0, 0.9094989895820618, 0.41570574045181274, 266.5314025878906], [0.0, 0.0, 0.0, 1.0]], "Asteroid matrix ": [[0.40999943017959595, -0.0006724107661284506, 0.0, 0.0], [0.0006724107661284506, 0.40999943017959595, 0.0, 0.0], [0.0, 0.0, 0.4099999964237213, 0.0], [0.0, 0.0, 0.0, 1.0]], "Sun matrix": [[731501.25, 0.0, 0.0, 259954560.0], [0.0, 695700.0625, 0.0, 216951568.0], [0.0, 0.0, 695700.0, -11089167.0], [0.0, 0.0, 0.0, 1.0]], "Constant distance matrix": [[1.0, 0.0, 0.0, 0.0], [0.0, 1.0, 0.0, 0.0], [0.0, 0.0, 1.0, 0.0], [0.0, 0.0, 0.0, 1.0]], "Reference matrix": [[1.0, 0.0, 0.0, 0.0], [0.0, 1.0, 0.0, 0.0], [0.0, 0.0, 1.0, 0.0], [0.0, 0.0, 0.0, 1.0]], "Camera f,w,x,y": [230.0, 8.500800132751465, 2464, 2056]}